Depth (mm),Age (Years Ago),d18O (per mil),SST (°C)
9,0.0836820083682008,-6.125743995641403,28.76488468899377
21,1.00418410041841,-6.442577630048653,29.25905631575396
33,2.00836820083682,-6.76577109289559,29.19730405175973
45,3.096234309623431,-6.971984420839471,29.17200525518781
57,4.184100418410042,-7.170921237585122,29.187616471217293
69,5.104602510460251,-7.444511975460513,29.315696127695865
81,6.192468619246862,-7.584288742848825,29.372004347095743
93,7.112970711297071,-7.892766214659777,29.15025610538244
